{"center": [973.8446787004381, 965.4829644735848], "radius": 935.4420817090902, "lines": {}}