{"center": [972.9243808798523, 964.7608851655505], "radius": 935.1579814563152, "lines": {}}