{"disc_edge": [1555.5716388575172, 900.8340700269351], "fovea": [941.8742135268106, 948.3225612727637]}