{"disc_edge": [1549.3608031894291, 901.5367284192524], "fovea": [942.7850783311908, 949.0396466310422]}