{"drusen": {"CSF_area": 0.10330792496015492, "CSF_count": 17, "SIM_area": 0.18617634406633016, "SIM_count": 33, "NIM_area": 0.21002928852369077, "NIM_count": 32, "TIM_area": 0.4189070555908193, "TIM_count": 36, "IIM_area": 0.45686613789106734, "IIM_count": 32, "SOM_area": 0.07410863088304108, "SOM_count": 22, "NOM_area": 0.18251615086511447, "NOM_count": 39, "TOM_area": 0.07011943155137904, "TOM_count": 21, "IOM_area": 0.08212815531267094, "IOM_count": 16, "center_area": 0.10330792496015492, "center_count": 17, "inner_area": 1.2719788260719076, "inner_count": 128, "outer_area": 0.40887236861220555, "outer_count": 97, "superior_grid_area": 0.28471368013501297, "superior_grid_count": 55, "nasal_grid_area": 0.40336151592722913, "nasal_grid_count": 71, "inferior_grid_area": 0.55902254139466, "inferior_grid_count": 50, "temporal_grid_area": 0.5370613821873659, "temporal_grid_count": 56, "grid_area": 1.784159119644268, "grid_count": 225, "total_area": 1.784364748475797, "total_count": 225}, "RPD": {"CSF_area": 0.0, "CSF_count": 0, "SIM_area": 0.0, "SIM_count": 0, "NIM_area": 0.0, "NIM_count": 0, "TIM_area": 0.0, "TIM_count": 0, "IIM_area": 0.0, "IIM_count": 0, "SOM_area": 0.0, "SOM_count": 0, "NOM_area": 0.0, "NOM_count": 0, "TOM_area": 0.0, "TOM_count": 0, "IOM_area": 0.0, "IOM_count": 0, "center_area": 0.0, "center_count": 0, "inner_area": 0.0, "inner_count": 0, "outer_area": 0.0, "outer_count": 0, "superior_grid_area": 0.0, "superior_grid_count": 0, "nasal_grid_area": 0.0, "nasal_grid_count": 0, "inferior_grid_area": 0.0, "inferior_grid_count": 0, "temporal_grid_area": 0.0, "temporal_grid_count": 0, "grid_area": 0.0, "grid_count": 0, "total_area": 0.0, "total_count": 0}, "hyperpigmentation": {"CSF_area": 0.0, "CSF_count": 0, "SIM_area": 0.0, "SIM_count": 0, "NIM_area": 0.0, "NIM_count": 0, "TIM_area": 0.03137895969132094, "TIM_count": 3, "IIM_area": 0.04655436745815899, "IIM_count": 8, "SOM_area": 0.0, "SOM_count": 0, "NOM_area": 0.0, "NOM_count": 0, "TOM_area": 0.0, "TOM_count": 0, "IOM_area": 0.0, "IOM_count": 0, "center_area": 0.0, "center_count": 0, "inner_area": 0.07793332714947994, "inner_count": 8, "outer_area": 0.0, "outer_count": 0, "superior_grid_area": 0.0, "superior_grid_count": 0, "nasal_grid_area": 0.0, "nasal_grid_count": 0, "inferior_grid_area": 0.04655436745815899, "inferior_grid_count": 8, "temporal_grid_area": 0.03137895969132094, "temporal_grid_count": 3, "grid_area": 0.07793332714947994, "grid_count": 8, "total_area": 0.07793332714947994, "total_count": 8}, "rpe_degeneration": {"CSF_area": 0.0, "CSF_count": 0, "SIM_area": 0.0, "SIM_count": 0, "NIM_area": 0.0, "NIM_count": 0, "TIM_area": 0.07723418912228143, "TIM_count": 1, "IIM_area": 0.12621497679248228, "IIM_count": 7, "SOM_area": 0.0, "SOM_count": 0, "NOM_area": 0.0, "NOM_count": 0, "TOM_area": 0.0, "TOM_count": 0, "IOM_area": 0.0, "IOM_count": 0, "center_area": 0.0, "center_count": 0, "inner_area": 0.2034491659147637, "inner_count": 6, "outer_area": 0.0, "outer_count": 0, "superior_grid_area": 0.0, "superior_grid_count": 0, "nasal_grid_area": 0.0, "nasal_grid_count": 0, "inferior_grid_area": 0.12621497679248228, "inferior_grid_count": 7, "temporal_grid_area": 0.07723418912228143, "temporal_grid_count": 1, "grid_area": 0.2034491659147637, "grid_count": 6, "total_area": 0.2034491659147637, "total_count": 6}}