{"drusen": {"CSF_area": 0.10606947888278093, "CSF_count": 17, "SIM_area": 0.1882312339538874, "SIM_count": 33, "NIM_area": 0.21167595607202588, "NIM_count": 32, "TIM_area": 0.42873956821428827, "TIM_count": 37, "IIM_area": 0.46552715731887184, "IIM_count": 34, "SOM_area": 0.08131993381013204, "SOM_count": 22, "NOM_area": 0.1915564279347365, "NOM_count": 38, "TOM_area": 0.07887865215330613, "TOM_count": 24, "IOM_area": 0.08674968094341726, "IOM_count": 19, "center_area": 0.10606947888278093, "center_count": 17, "inner_area": 1.2941739155590735, "inner_count": 131, "outer_area": 0.43850469484159194, "outer_count": 102, "superior_grid_area": 0.2949741698454479, "superior_grid_count": 55, "nasal_grid_area": 0.41426024252552773, "nasal_grid_count": 70, "inferior_grid_area": 0.5731540055344555, "inferior_grid_count": 51, "temporal_grid_area": 0.5563596713780151, "temporal_grid_count": 56, "grid_area": 1.8387480892834462, "grid_count": 225, "total_area": 1.8406000960575901, "total_count": 225}, "RPD": {"CSF_area": 0.0, "CSF_count": 0, "SIM_area": 0.0, "SIM_count": 0, "NIM_area": 0.0, "NIM_count": 0, "TIM_area": 0.0, "TIM_count": 0, "IIM_area": 0.0, "IIM_count": 0, "SOM_area": 0.0, "SOM_count": 0, "NOM_area": 0.0, "NOM_count": 0, "TOM_area": 0.0, "TOM_count": 0, "IOM_area": 0.0, "IOM_count": 0, "center_area": 0.0, "center_count": 0, "inner_area": 0.0, "inner_count": 0, "outer_area": 0.0, "outer_count": 0, "superior_grid_area": 0.0, "superior_grid_count": 0, "nasal_grid_area": 0.0, "nasal_grid_count": 0, "inferior_grid_area": 0.0, "inferior_grid_count": 0, "temporal_grid_area": 0.0, "temporal_grid_count": 0, "grid_area": 0.0, "grid_count": 0, "total_area": 0.0, "total_count": 0}, "hyperpigmentation": {"CSF_area": 0.0, "CSF_count": 0, "SIM_area": 0.0, "SIM_count": 0, "NIM_area": 0.0, "NIM_count": 0, "TIM_area": 0.032915211304101064, "TIM_count": 3, "IIM_area": 0.04617389616444868, "IIM_count": 8, "SOM_area": 0.0, "SOM_count": 0, "NOM_area": 0.0, "NOM_count": 0, "TOM_area": 0.0, "TOM_count": 0, "IOM_area": 0.0, "IOM_count": 0, "center_area": 0.0, "center_count": 0, "inner_area": 0.07908910746854975, "inner_count": 8, "outer_area": 0.0, "outer_count": 0, "superior_grid_area": 0.0, "superior_grid_count": 0, "nasal_grid_area": 0.0, "nasal_grid_count": 0, "inferior_grid_area": 0.04617389616444868, "inferior_grid_count": 8, "temporal_grid_area": 0.032915211304101064, "temporal_grid_count": 3, "grid_area": 0.07908910746854975, "grid_count": 8, "total_area": 0.07908910746854975, "total_count": 8}, "rpe_degeneration": {"CSF_area": 0.0, "CSF_count": 0, "SIM_area": 0.0, "SIM_count": 0, "NIM_area": 0.0, "NIM_count": 0, "TIM_area": 0.08018347510781654, "TIM_count": 2, "IIM_area": 0.1287565618660424, "IIM_count": 8, "SOM_area": 0.0, "SOM_count": 0, "NOM_area": 0.0, "NOM_count": 0, "TOM_area": 0.0, "TOM_count": 0, "IOM_area": 0.0, "IOM_count": 0, "center_area": 0.0, "center_count": 0, "inner_area": 0.20894003697385893, "inner_count": 8, "outer_area": 0.0, "outer_count": 0, "superior_grid_area": 0.0, "superior_grid_count": 0, "nasal_grid_area": 0.0, "nasal_grid_count": 0, "inferior_grid_area": 0.1287565618660424, "inferior_grid_count": 8, "temporal_grid_area": 0.08018347510781654, "temporal_grid_count": 2, "grid_area": 0.20894003697385893, "grid_count": 8, "total_area": 0.20894003697385893, "total_count": 8}}